Area,Male,Female
Total New Zealand by region/SA2,2542800,2581200
  Northland region,100300,101200
    100100 North Cape,930,880
    100200 Rangaunu Harbour,1340,1300
    100300 Inlets Far North district,20,20
    100400 Karikari Peninsula,720,690
    100500 Tangonge,650,610
    100600 Ahipara,710,730
    100700 Kaitaia East,1270,1370
    100800 Kaitaia West,1790,1900
    100900 Rangitihi,530,500
    101000 Oruru-Parapara,480,510
    101100 Taumarumaru,1260,1380
    101200 Herekino-Takahue,570,510
    101300 Peria,660,620
    101400 Taemaro-Oruaiti,520,500
    101500 Whakapaku,400,400
    101600 Hokianga North,500,480
    101700 Kohukohu-Broadwood,410,400
    101800 Whakarara,750,730
    101900 Kaeo,710,650
    102000 Omahuta Forest-Horeke,580,610
    102100 Hokianga South,690,690
    102200 Lake Manuwai-Kapiro,1210,1190
    102300 Okaihau,740,710
    102400 Rangitane-Purerua,880,870
    102500 Waipapa,500,510
    102600 Puketotara,1020,970
    102700 Waima Forest,650,590
    102800 Riverview,1220,1270
    102900 Waipoua Forest,670,660
    103000 Kerikeri Central,1300,1480
    103100 Kerikeri South,1400,1400
    103200 Ohaeawai-Waimate North,630,680
    103300 Puketona-Waitangi,820,720
    103400 Ngapuhi,1030,960
    103500 Kaikohe,2450,2450
    103600 Pakaraka,370,390
    103700 Haruru,600,600
    103800 Russell,410,400
    103900 Paihia,850,860
    104000 Mataraua Forest,290,290
    104100 Matawaia-Taumarere,820,750
    104200 Russell Peninsula,370,330
    104300 Opua (Far North district),640,640
    104400 Russell Forest-Rawhiti,380,410
    104500 Moerewa,970,970
    104600 Kawakawa,810,820
    104700 Maromaku,410,450
    104800 Mangakahia-Hukerenui,1110,1050
    104900 Whangaruru,1480,1380
    105000 Inlets other Whangarei district,10,10
    105100 Matarau,1740,1650
    105200 Hikurangi,850,890
    105300 Kauri,1000,950
    105400 Maungatapere,1950,1880
    105500 Kamo West,1100,1180
    105600 Matapouri-Tutukaka,970,960
    105700 Kiripaka,530,540
    105800 Kamo East,1660,1680
    105900 Granfield Reserve,1460,1660
    106000 Kamo Central,880,900
    106100 Whau Valley,1380,1530
    106200 Tikipunga North,1710,1970
    106300 Pukenui,1140,1220
    106400 Otangarei,1140,1150
    106500 Tikipunga South,2010,2150
    106600 Kensington (Whangarei district),1590,1800
    106700 Abbey Caves-Glenbervie,720,710
    106800 Mairtown,1160,1410
    106900 Maunu-Horahora,1720,1810
    107000 Woodhill-Vinetown,1520,1590
    107100 Whangarei Central,500,490
    107200 Riverside,1100,1150
    107300 Raumanga,1850,1780
    107400 Tarewa,1140,1080
    107500 Morningside (Whangarei district),1250,1280
    107600 Ngunguru,640,640
    107700 Otaika-Portland,780,720
    107800 Oakleigh-Mangapai,1250,1260
    107900 Port-Limeburners,160,100
    108000 Pataua,920,900
    108100 Onerahi Park,800,850
    108200 Sherwood Rise,1260,1340
    108300 Onerahi,1220,1380
    108400 Inlet Whangarei Harbour,10,10
    108500 Parua Bay,1350,1370
    108600 Bream Bay,1250,1160
    108700 Marsden Bay,1430,1470
    108800 Ruakaka,1450,1440
    108900 Bream Head,810,760
    109001 Waipu,600,630
    109002 Waipu Rural,1010,990
    109100 Kaipara Coastal,2160,2020
    109200 Maungaru,1010,950
    109300 Dargaville,2560,2670
    109400 Ruawai-Matakohe,1470,1300
    109500 Otamatea (Kaipara district),1000,950
    109600 Maungaturoto,730,710
    109700 Kaiwaka,1320,1320
    109800 Mangawhai Rural,1500,1510
    109900 Mangawhai Heads,1380,1330
    110000 Inlet Mangawhai Harbour,0,0
    110100 Mangawhai,610,680
    258200 Oceanic Northland region,0,0
    258300 Inlet Doubtless Bay,0,0
    258400 Inlet Kaipara Harbour North,0,0
  Auckland region,842000,853200
    110200 Okahukura Peninsula,880,800
    110300 Inlet Kaipara Harbour South,0,0
    110400 Cape Rodney,2090,1990
    110500 Wellsford,1150,1100
    110600 Oceanic Auckland region East,10,0
    110700 South Head,1490,1450
    110800 Kaipara Hills,1120,1120
    110900 Dome Valley-Matakana,890,870
    111000 Oceanic Auckland region West,0,0
    111100 Warkworth West,1360,1420
    111200 Puhoi Valley,2110,2140
    111300 Warkworth East,1850,1980
    111400 Sandspit,540,510
    111500 Tawharanui Peninsula,1080,1120
    111600 Te Kuru,1420,1460
    111700 Snells Beach,1920,1980
    111800 Barrier Islands,570,480
    111900 Algies Bay-Scotts Landing,610,610
    112000 Inlets other Auckland,10,10
    112100 Wainui-Waiwera,930,930
    112200 Parakai,600,610
    112300 Helensville Rural,890,910
    112400 Helensville,1620,1610
    112500 Waitoki,870,880
    112600 Waikoukou Valley,950,960
    112700 Orewa North,2090,2360
    112800 Hatfields Beach,780,790
    112900 Orewa South,1880,2130
    113000 Orewa Central,1460,1860
    113100 Millwater North,2010,2000
    113200 Waipatukahu,820,850
    113300 Millwater South,1970,1990
    113400 Dairy Flat North,1400,1400
    113500 Dairy Flat West,820,800
    113600 Kingsway,1150,1170
    113700 Riverhead Forest,0,0
    113800 Silverdale Central (Auckland),240,180
    113900 Red Beach West,1440,1620
    114000 Red Beach East,1960,2110
    114100 Silverdale South (Auckland),1060,1060
    114200 Waimauku,770,760
    114300 Gulf Islands,50,40
    114400 Vipond,1450,1550
    114500 Muriwai,720,690
    114600 Stanmore Bay West,1390,1410
    114700 Kumeu Rural West,920,900
    114800 Okura Bush,800,720
    114900 Whangaparaoa Central,2170,2140
    115000 Kumeu-Huapai,2750,2820
    115100 Stanmore Bay East,1440,1450
    115200 Manly West,1180,1250
    115300 Muriwai Valley-Bethells Beach,630,640
    115400 Tindalls-Matakatia,1060,1060
    115500 Coatesville,1250,1310
    115600 Dairy Flat South,930,920
    115700 Gulf Harbour North,1540,1520
    115800 Manly East,1760,1870
    115900 Riverhead,1820,1890
    116000 Army Bay,810,820
    116100 Kumeu Rural East,1520,1450
    116200 Gulf Harbour South,1530,1440
    116300 Paremoremo West,560,570
    116400 Taupaki,900,900
    116500 Long Bay,1240,1260
    116600 Paremoremo East,1150,1080
    116700 Albany Heights,1900,1900
    116800 Awaruku,2310,2210
    116900 Fairview Heights,2110,2170
    117000 Whenuapai,2550,2750
    117100 Waitakere Ranges North,670,650
    117200 Torbay,2210,2260
    117300 Albany Central,420,450
    117400 Albany West,1340,1410
    117500 Glamorgan,1680,1700
    117600 Oteha East,1580,1700
    117700 Northcross,1670,1670
    117800 Oteha West,1000,1060
    117900 Waiake,1980,1990
    118000 Waitakere,1020,980
    118100 Albany South,1740,1690
    118200 Browns Bay South West,2220,2140
    118300 Browns Bay Central,1480,1530
    118400 Schnapper Rock,2010,2000
    118500 Pinehill,2270,2330
    118600 North Harbour,400,360
    118700 Browns Bay South East,1530,1510
    118800 Westgate Central,20,20
    118900 Greenhithe West,1760,1680
    119000 Rothesay Bay,1490,1520
    119100 Greenhithe East,1600,1590
    119200 Hobsonville,620,650
    119300 Inlet Waitemata Harbour,80,30
    119400 Greenhithe South,1040,1030
    119500 Murrays Bay West,1380,1330
    119600 Westgate South,1200,1330
    119700 Windsor Park,750,930
    119800 West Harbour West,2250,2240
    119900 Unsworth Heights West,1140,1170
    120000 Murrays Bay East,1070,1090
    120100 Birdwood West,410,440
    120200 Hobsonville Point,4220,4630
    120300 West Harbour Clearwater Cove,2170,2200
    120400 Unsworth Heights East,1880,1830
    120500 Mairangi Bay North,1560,1510
    120600 Massey Central,1830,1790
    120700 West Harbour Luckens Point,1330,1300
    120800 Mairangi Bay South,1370,1470
    120900 Massey Royal Road West,1600,1570
    121000 Bayview East,1860,1850
    121100 Swanson Rural,1250,1180
    121200 Sunnynook South,1360,1370
    121300 Sunnynook North,1460,1500
    121400 Bayview West,1160,1210
    121500 Totara Vale North,1570,1660
    121600 Royal Heights North,1930,2010
    121700 Massey West,950,900
    121800 Beach Haven West,1710,1720
    121900 Totara Vale South,1960,2030
    122000 Swanson,1610,1610
    122100 Bayview South,1560,1550
    122200 Campbells Bay,1470,1460
    122300 Royal Heights South,1990,2010
    122400 Beach Haven East,1910,2080
    122500 Massey East,1880,1940
    122600 Forrest Hill North,1190,1300
    122700 Glenfield North,1790,1740
    122800 Birkdale North,2020,2190
    122900 Massey South,2480,2380
    123000 Ranui North,2080,2110
    123100 Glenfield West,1480,1620
    123200 Te Atatu Peninsula North West,1750,1760
    123300 Glenfield South West,2040,2060
    123400 Forrest Hill West,2030,2040
    123500 Wairau Valley,120,90
    123600 Forrest Hill East,1700,1810
    123700 Castor Bay,2150,2320
    123800 Ranui Domain,1840,1910
    123900 Beach Haven South,1520,1590
    124000 Glenfield Central,1960,2170
    124100 Piha,550,530
    124200 Ranui South West,1500,1480
    124300 Henderson Larnoch,2230,2210
    124400 Birkdale South,2290,2430
    124500 Te Atatu Peninsula Central,1900,1850
    124600 Glenfield East,1170,1190
    124700 Henderson Valley,750,720
    124800 Te Atatu Peninsula West,1990,2010
    124900 Henderson Lincoln West,1790,1780
    125000 Ranui South East,1570,1620
    125100 Henderson Lincoln East,90,70
    125200 Birkenhead West,2290,2580
    125300 Te Atatu Peninsula East,1400,1510
    125400 Milford West,1480,1640
    125500 Westlake,1360,1530
    125600 Hillcrest North (Auckland),1670,1860
    125700 Henderson Lincoln South,1370,1400
    125800 Hillcrest West (Auckland),1630,1720
    125900 Milford Central,870,970
    126000 Summerland South,1630,1700
    126100 Summerland North,1380,1360
    126200 Hillcrest East (Auckland),1900,2090
    126300 Chatswood,1690,1750
    126400 Te Atatu South-Edmonton,1970,2020
    126500 Birkenhead North,1310,1480
    126600 Takapuna West,2280,2610
    126700 Henderson North,2120,2160
    126800 Takapuna Central,1210,1330
    126900 Western Heights (Auckland),2360,2390
    127000 Te Atatu South-Central,2280,2300
    127100 Northcote Central (Auckland),1180,1300
    127200 Akoranga,490,730
    127300 Northcote South (Auckland),1240,1350
    127400 Birkenhead South,1460,1570
    127500 Henderson Central,610,760
    127600 Waiatarua,1140,1080
    127700 Te Atatu South-McLeod North,1830,1880
    127800 Henderson Valley Park,1050,1050
    127900 Henderson North East,1300,1460
    128000 Waitakere Ranges South,600,580
    128100 Northcote Tuff Crater,1090,1140
    128200 Northcote Point (Auckland),1460,1680
    128300 McLaren Park,2300,2330
    128400 Henderson East,1530,1520
    128500 Te Atatu South-McLeod South,1960,2070
    128600 Takapuna South,680,780
    128700 Rosebank Peninsula,30,10
    128800 Hauraki,2010,2150
    128900 Glendene North,2520,2520
    129000 Sunnyvale West-Parrs Park,1380,1360
    129100 Sunnyvale East,2540,2710
    129200 Point Chevalier West,1750,2060
    129300 Belmont (Auckland),1400,1540
    129400 Bayswater,1300,1430
    129500 Glendene South,1580,1440
    129600 Glen Eden West,1930,1940
    129700 Herne Bay,1410,1400
    129800 Westmere North,1090,1100
    129900 Point Chevalier East,2210,2390
    130000 Oratia,1110,1070
    130100 Glen Eden Rosier,1920,1810
    130200 Saint Marys Bay,1000,1020
    130300 Westmere South-Western Springs,1430,1420
    130400 Ponsonby West,1130,1080
    130500 Kelston North,1460,1460
    130600 Avondale Rosebank,2340,2200
    130700 Narrow Neck,2030,2180
    130800 Glen Eden North,1370,1360
    130900 Glen Eden Woodglen,2220,2170
    131000 Kelston South,1440,1310
    131100 Waterview,1780,1840
    131200 Ponsonby East,1510,1610
    131300 Wynyard-Viaduct,610,570
    131400 Stanley Point,990,930
    131500 Glen Eden Central,1920,1980
    131600 Grey Lynn North,1400,1410
    131700 Avondale West (Auckland),2110,2030
    131800 Freemans Bay,2050,2080
    131900 Mount Albert West,1330,1280
    132000 Avondale North (Auckland),2490,2360
    132100 Grey Lynn West,1490,1440
    132200 Mount Albert North,1990,2020
    132300 New Lynn North,1810,1740
    132400 Victoria Park,1640,1530
    132500 Konini,1810,1790
    132600 New Lynn North West,1800,1720
    132700 Hobson Ridge North,1360,1160
    132800 Grey Lynn Central,1610,1730
    132900 Fruitvale,1550,1550
    133000 Devonport,1540,1690
    133100 Avondale Central (Auckland),1640,1620
    133200 Queen Street,1200,990
    133300 Quay Street-Customs Street,1330,1160
    133400 Hobson Ridge Central,2140,1690
    133500 Grey Lynn East,910,870
    133600 Morningside (Auckland),1970,1930
    133700 Shortland Street,930,890
    133800 Hobson Ridge South,1130,930
    133900 New Lynn Central,330,250
    134000 Cheltenham,920,990
    134100 Queen Street South West,970,870
    134200 Mount Albert Central,1880,1880
    134300 Karangahape,1260,1050
    134400 Kingsland,1650,1690
    134500 Anzac Avenue,1410,1410
    134600 Waima-Woodlands Park,1350,1390
    134700 Kaurilands,1620,1610
    134800 Auckland-University,50,50
    134900 New Lynn Seabrook,1510,1530
    135000 Avondale South (Auckland),2390,2230
    135100 Symonds Street North West,1590,1650
    135200 Mount Albert South,1240,1180
    135300 Symonds Street West,1780,1580
    135400 West Lynn,1700,1610
    135500 Owairaka West,1830,1700
    135600 New Lynn Central South,1500,1470
    135700 The Strand,670,680
    135800 St Lukes,1100,1150
    135900 Symonds Street East,1000,1180
    136000 Eden Terrace,2210,2000
    136100 Grafton,790,800
    136200 Eden Park,830,790
    136300 Sandringham North,1940,1940
    136400 Parnell West,1980,2080
    136500 New Lynn South,2480,2440
    136600 New Windsor North,1800,1640
    136700 Titirangi South,2030,2020
    136800 Owairaka East,990,1000
    136900 Eden Valley,1150,1020
    137000 Sandringham Central,1220,1230
    137100 Glenavon,1610,1480
    137200 Blockhouse Bay North,2090,2040
    137300 Green Bay North,920,960
    137400 Parnell East,1570,1640
    137500 Laingholm,1200,1220
    137600 Sandringham West,1170,1170
    137700 Mount Eden North East,670,510
    137800 Mount Eden North,1690,1730
    137900 Wesley West,1810,1650
    138000 Green Bay South,1430,1550
    138100 Balmoral,1590,1550
    138200 Sandringham East,1720,1680
    138300 New Windsor South,2390,2250
    138400 Mount Eden West,1590,1690
    138500 Newmarket,1860,2020
    138600 Blockhouse Bay North East,1190,1130
    138700 Epsom North,1750,1700
    138800 Wesley South,40,20
    138900 Blockhouse Bay South,2190,2260
    139000 Mount Eden East,1410,1410
    139100 Wesley East,1090,1070
    139200 Orakei West,1360,1450
    139300 Maungawhau,1450,1480
    139400 Remuera West,1380,1400
    139500 Blockhouse Bay East,1300,1280
    139600 Lynfield North,1790,1860
    139700 Mount Roskill North,1890,1980
    139800 Mount Roskill White Swan,2510,2270
    139900 Mount Eden South,1920,1920
    140000 Remuera Waitaramoa,1910,2000
    140100 Orakei East,1370,1550
    140200 Epsom Central-North,1900,2000
    140300 Mount St John,1590,1740
    140400 Mount Roskill Central North,1820,1640
    140500 Remuera North,1700,1830
    140600 Three Kings West,1160,1220
    140700 Mount Roskill Central South,1350,1130
    140800 Epsom Central-South,1890,1970
    140900 Lynfield South,2310,2380
    141000 Remuera South,1920,2020
    141100 Mission Bay,2080,2370
    141200 Three Kings East,620,720
    141300 Mount Roskill South,1590,1630
    141400 Inlet Manukau Harbour,0,0
    141500 Epsom East,1100,1290
    141600 Remuera Waiata,1340,1430
    141700 Epsom South,1080,1160
    141800 Kohimarama,2080,2300
    141900 Meadowbank West,1340,1500
    142000 Hillsborough North (Auckland),1850,2000
    142100 Hillsborough West (Auckland),1910,1800
    142200 Greenlane North,2100,2210
    142300 Waikowhai North,1760,1700
    142400 Remuera East,1290,1410
    142500 Waikowhai South,1030,1060
    142600 Royal Oak West (Auckland),1300,1420
    142700 Saint Heliers West,1710,1810
    142800 One Tree Hill,2260,2430
    142900 Hillsborough East (Auckland),1270,1280
    143000 Saint Heliers North,1920,2030
    143100 Remuera Abbotts Park,1770,2010
    143200 Meadowbank East,1240,1390
    143300 Ellerslie Central,1610,1800
    143400 Royal Oak East (Auckland),1450,1560
    143500 Saint Heliers South,1920,2130
    143600 Hillsborough South (Auckland),1320,1440
    143700 Saint Johns West,1470,1610
    143800 Greenlane South,1880,1980
    143900 Remuera Waiatarua,1210,1250
    144000 Glendowie North,2220,2130
    144100 Onehunga West,1970,2010
    144200 Ellerslie West,80,90
    144300 Onehunga North,1880,2050
    144400 Ellerslie East,1560,1650
    144500 Saint Johns East,1510,1520
    144600 Oneroa West,720,710
    144700 Glen Innes West,2370,2520
    144800 Ellerslie South,1290,1370
    144900 Stonefields West,1020,1120
    145000 Onehunga Central,1740,1720
    145100 Glendowie South,2210,2360
    145200 Oranga,1590,1600
    145300 Mount Wellington North West,1410,1690
    145400 Panmure Glen Innes Industrial,190,150
    145500 Onehunga-Te Papapa Industrial,630,590
    145600 Te Papapa,1630,1740
    145700 Stonefields East,970,1080
    145800 Glen Innes East-Wai O Taiki Bay,2060,2110
    145900 Penrose,460,450
    146000 Mount Wellington North East,1060,1030
    146100 Mangere Bridge Ambury,1780,1900
    146200 Mount Wellington Ferndale,2230,2230
    146300 Point England,2480,2640
    146400 Bucklands Beach North,1470,1500
    146500 Mount Wellington East,1540,1440
    146600 Mount Wellington West,1620,1550
    146700 Panmure West,140,140
    146800 Mangere Bridge,1580,1720
    146900 Oneroa East-Palm Beach,690,660
    147000 Tamaki,2330,2370
    147100 Panmure East,1850,1840
    147200 Mount Wellington Central,2600,2610
    147300 Bays Waiheke Island,0,0
    147400 Sylvia Park,70,60
    147500 Mangere Mountain View,2120,2180
    147600 Surfdale,1080,1050
    147700 Mount Wellington Industrial,30,10
    147800 Half Moon Bay West,1400,1420
    147900 Auckland Airport,360,330
    148000 Eastern Beach,1030,1080
    148100 Sunnyhills West-Pakuranga North,1710,1760
    148200 Favona North,1510,1500
    148300 Bucklands Beach Central,950,950
    148400 Farm Cove,1240,1340
    148500 Mangere North,1430,1470
    148600 Favona West,1740,1890
    148700 Ostend,1040,950
    148800 Half Moon Bay North East,1130,1060
    148900 Mangere West,2350,2340
    149000 Pakuranga West,2230,2300
    149100 Mount Wellington South West,1390,1410
    149200 Sunnyhills East,1660,1900
    149300 Half Moon Bay South East,1600,1620
    149400 Favona East,2090,2070
    149500 Mount Wellington South East,1520,1550
    149600 Otahuhu Industrial,60,50
    149700 Bucklands Beach South,2130,2190
    149800 Pakuranga Central,1800,1810
    149900 Awhitu,1620,1560
    150000 Harania North,1980,2120
    150100 Otahuhu Central,1050,820
    150200 Mangere Central,1950,2020
    150300 Otahuhu North,2230,2170
    150400 Howick West,2070,2080
    150500 Pakuranga Heights North West,1440,1440
    150600 Mellons Bay,2010,2090
    150700 Pakuranga Heights East,1590,1590
    150800 Sutton Park,2070,2070
    150900 Otahuhu East,1370,1280
    151000 Mangere South,1960,1920
    151100 Onetangi,700,660
    151200 Harania South,1760,1950
    151300 Highland Park (Auckland),2220,2410
    151400 Otahuhu South West,2110,1990
    151500 Pakuranga Heights South West,1820,1800
    151600 Mangere Mascot,1920,2010
    151700 Waiheke East,570,540
    151800 Massey Road West,2000,2020
    151900 Otahuhu South,1990,1980
    152000 Howick Central,1720,1840
    152100 Massey Road North,1800,1840
    152200 Botany Downs West,1360,1490
    152300 East Tamaki,210,140
    152400 Howick East,1790,1950
    152500 Burswood,870,890
    152600 Massey Road South,900,940
    152700 Middlemore,10,10
    152800 Mangere South East,1990,2070
    152900 Botany Downs East,1140,1210
    153000 Grange,1290,1320
    153100 Golflands,1210,1270
    153200 Aorere North,870,830
    153300 Mangere East,2230,2210
    153400 Cockle Bay,2140,2120
    153500 Otara West,1780,1760
    153600 Aorere Central,1090,1110
    153700 Northpark North,1430,1490
    153800 Somerville,2200,2310
    153900 Northpark South,1070,1100
    154000 Papatoetoe North,2730,2760
    154100 Dingwall,1970,1840
    154200 Aorere South,2670,2640
    154300 Shelly Park,1410,1470
    154400 Otara Central,1430,1420
    154500 Huntington Park,870,1000
    154600 Botany Central,0,0
    154700 Botany North,1180,1300
    154800 Papatoetoe West,2760,2630
    154900 Papatoetoe Central,2900,2890
    155000 Sunkist Bay,1670,1740
    155100 Otara East,2060,2200
    155200 Redcastle,1270,1210
    155300 Botany East,970,1010
    155400 Botany South,1440,1540
    155500 Manukau Central,520,510
    155600 Papatoetoe East,2510,2430
    155700 Otara South,2010,2050
    155800 Ferguson,2320,2320
    155900 Papatoetoe South West,2080,2110
    156000 Botany Junction,110,80
    156100 Dannemora North,1230,1290
    156200 Papatoetoe South,2310,2220
    156300 East Tamaki Heights,1420,1510
    156400 Te Puru,2030,2180
    156500 Puhinui North,2140,2130
    156600 Dannemora South,1420,1360
    156700 Puhinui South,1400,1400
    156800 Rongomai West,1280,1320
    156900 Baverstock,2110,2130
    157000 Puhinui East,1510,1410
    157100 Turanga,1670,1650
    157200 Rongomai East,1190,1160
    157300 Ormiston North,1320,1390
    157400 Maraetai,1220,1310
    157500 Chapel Downs,1810,1750
    157600 Wiri West,860,450
    157700 Clover Park North,2490,2460
    157800 Mission Heights North,1770,1840
    157900 Clover Park South,2320,2320
    158000 Donegal Park,2070,2160
    158100 Ormiston South,3560,3760
    158200 Mission Heights South,1710,1670
    158300 Hilltop (Auckland),1980,2030
    158400 Wiri East,2570,2660
    158500 Goodwood Heights,2450,2390
    158600 Ormiston East,1750,1900
    158700 Clendon Park North,1800,1840
    158800 Burbank,2220,2140
    158900 Tuscany Heights,860,870
    159000 Totara Heights,1610,1550
    159100 Homai East,2140,2080
    159200 Homai West,2860,2840
    159300 The Gardens (Auckland),2080,2150
    159400 Clarks Beach,780,790
    159500 Clendon Park West,1800,1750
    159600 Hillpark North,1380,1310
    159700 Clendon Park East,1260,1240
    159800 Karaka Creek,870,820
    159900 Rowandale West,1910,1860
    160000 Rowandale East,2200,2180
    160100 Manurewa Central,2070,1970
    160200 Weymouth North,2770,2730
    160300 Hillpark South,1850,1820
    160400 Alfriston,1990,2100
    160500 Weymouth East,2170,2130
    160600 Leabank,2430,2360
    160700 Weymouth South,1960,1970
    160800 Manurewa East,1650,1610
    160900 Manurewa South,2350,2250
    161000 Randwick Park East,1490,1360
    161100 Wattle Downs West,1970,2150
    161200 Wattle Downs North,1350,1370
    161300 Randwick Park West,1910,1980
    161400 Kingseat-Karaka,1620,1550
    161500 Wattle Downs East,1120,1180
    161600 Takanini North,1500,1340
    161700 Takanini Industrial,20,10
    161800 Conifer Grove West,1510,1470
    161900 Conifer Grove East,1190,1270
    162000 Takanini West,1750,1620
    162100 Takanini South,4000,3870
    162200 Takanini Central,580,680
    162300 Ardmore,770,720
    162400 Glenbrook,1290,1270
    162500 Hingaia,1280,1360
    162600 Takanini South East,1580,1630
    162700 Kawakawa Bay-Orere,1040,1060
    162800 Papakura West,970,1010
    162900 Clevedon,810,780
    163000 Papakura North,2500,2510
    163100 Pahurehure,1820,1760
    163200 Papakura Central,1820,1960
    163300 Papakura North East,2300,2070
    163400 Karaka Lakes,1530,1550
    163500 Papakura Kelvin,2650,2570
    163600 Papakura Massey Park,1700,1610
    163700 Rosehill,2300,2260
    163801 Patumahoe,680,650
    163802 Patumahoe Rural,610,610
    163900 Papakura East,1870,1810
    164000 Opaheke,1640,1620
    164100 Papakura Industrial,180,160
    164200 Red Hill,1640,1570
    164300 Drury,810,810
    164400 Tamakae,1270,1300
    164500 Hamilton Estate,1350,1330
    164600 Drury Rural,1530,1450
    164700 Waiuku Central,710,700
    164800 Waiuku East,1000,940
    164900 Kendallvale,600,510
    165000 Puni,940,850
    165100 Ramarama,1180,1160
    165200 Hunua,740,780
    165300 Pukekohe North West,2490,2530
    165400 Anselmi Ridge,1240,1400
    165500 Pukekohe West,3320,3380
    165600 Cape Hill,810,830
    165700 Rosa Birch Park,1000,1090
    165800 Rooseville Park,1380,1380
    165900 Cloverlea (Auckland),1290,1360
    166000 Pukekohe Central,210,190
    166100 Pukekohe Hospital,860,920
    166200 Buckland,670,610
    166300 Bombay Hills,1060,1130
    166400 Ararimu,1150,1150
  Waikato region,255400,258400
    166500 Colville,870,810
    166600 Islands Thames-Coromandel district,10,10
    166700 Coromandel,960,1000
    166800 Inlets Thames-Coromandel district,0,0
    166900 Mercury Bay North,1030,990
    167000 Whitianga North,900,920
    167100 Whitianga South,2270,2320
    167200 Thames Coast,910,960
    167300 Cooks Beach-Ferry Landing,280,300
    167400 Mercury Bay South,740,730
    167500 Kauaeranga,340,320
    167600 Thames North,920,1100
    167700 Thames Central,530,600
    167800 Thames South,1740,1840
    167900 Hikuai,150,160
    168000 Totora-Kopu,470,480
    168100 Tairua,830,810
    168200 Pauanui,590,590
    168300 Matatoki-Puriri,610,560
    168400 Whangamata Rural,250,240
    168500 Whangamata,2270,2270
    168600 Miranda-Pukorokoro,510,450
    168700 Hauraki Plains North,670,630
    168800 Hauraki Plains East,770,770
    168900 Ngatea,780,840
    169000 Hauraki Plains South,890,860
    169100 Paeroa Rural,1050,1040
    169200 Paeroa,2220,2400
    169300 Waihi Rural,1290,1230
    169400 Waihi North,840,990
    169500 Waihi East,770,740
    169600 Waihi South,1230,1260
    169700 Aka Aka,1900,1660
    169800 Mangatangi,680,590
    169900 Tuakau Rural,930,800
    170000 Tuakau North,1860,1820
    170100 Onewhero,980,870
    170200 Pokeno Rural,960,860
    170300 Tuakau South,1110,1100
    170400 Port Waikato-Waikaretu,460,440
    170500 Pokeno,2550,2510
    170600 Pukekawa,930,850
    170700 Maramarua,1100,1000
    170801 Rangiriri,920,600
    170802 Te Kauwhata West,430,480
    170900 Te Akau,1150,1040
    171000 Inlets Waikato district,0,0
    171100 Te Kauwhata,890,960
    171200 Huntly Rural,1240,1170
    171300 Waerenga,500,480
    171400 Huntly West,1790,1730
    171500 Huntly East,2760,2720
    171600 Raglan,1930,1890
    171700 Whitikahu,1160,1090
    171801 Te Uku,1010,1010
    171802 Whale Bay,610,610
    171900 Taupiri-Lake Kainui,1090,1100
    172000 Ngaruawahia North,1200,1220
    172100 Ngaruawahia Central,1760,1770
    172200 Ngaruawahia South,1070,1110
    172300 Kainui-Gordonton,1000,970
    172400 Te Kowhai,1160,1160
    172500 Whatawhata West,350,270
    172600 Horotiu,360,360
    172700 Horsham Downs,410,400
    172800 Whatawhata East,1610,1610
    172900 Rotokauri,600,550
    173000 Hamilton Park,930,840
    173100 Eureka-Tauwhare,1180,1170
    173200 Tamahere North,2250,2370
    173300 Pukemoremore,1320,1330
    173400 Tamahere South,1100,1130
    173500 Tahuna-Mangateparu,850,810
    173600 Mangaiti,720,650
    173700 Tatuanui,750,700
    173800 Tahuroa,970,920
    173900 Morrinsville East,2550,2810
    174000 Morrinsville West,1550,1600
    174100 Te Aroha East,1340,1310
    174200 Te Aroha West,1000,1020
    174300 Waihou-Manawaru,660,620
    174400 Waitoa-Ngarua,650,570
    174500 Richmond Downs-Wardville,720,640
    174600 Waharoa-Peria,840,840
    174700 Okauia,590,530
    174800 Hinuera,640,610
    174900 Matamata North,1670,1770
    175000 Matamata South,2550,2710
    175100 Te Poi,470,440
    175200 Te Rapa North,100,80
    175300 Flagstaff North,2180,2410
    175400 Rotokauri-Waiwhakareke,430,460
    175500 Flagstaff South,1810,1870
    175600 Rototuna North,1100,1120
    175700 Pukete West,1200,1200
    175800 Flagstaff East,1880,2130
    175900 Rototuna Central,2470,2670
    176000 Pukete East,1250,1230
    176100 Te Manatu,2040,2130
    176200 Rototuna South,2250,2420
    176300 Te Rapa South,140,150
    176400 Saint Andrews West,1480,1520
    176500 Saint Andrews East,1170,1380
    176600 Queenwood (Hamilton city),1210,1310
    176700 St James,1060,1070
    176800 Crawshaw,1740,1810
    176900 Huntington,1290,1370
    177000 Western Heights (Hamilton city),1550,1680
    177100 Nawton West,1840,1970
    177200 Nawton East,2120,2360
    177300 Chartwell,1280,1400
    177400 Forest Lake (Hamilton city),1260,1400
    177500 Chedworth,940,1000
    177600 Beerescourt,1140,1190
    177700 Miropiko,1580,1720
    177800 Porritt,1430,1460
    177900 Dinsdale North,2300,2300
    178000 Maeroa,1970,2100
    178100 Dinsdale South,2070,2140
    178200 Fairfield (Hamilton city),2310,2450
    178300 Whitiora,1490,1450
    178400 Enderley North,1380,1330
    178500 Fairview Downs,1730,1790
    178600 Temple View,630,630
    178700 Swarbrick,1330,1460
    178800 Kahikatea,1890,1890
    178900 Frankton Junction,440,370
    179000 Kirikiriroa,360,340
    179100 Enderley South,1420,1560
    179200 Ruakura,1110,1210
    179300 Claudelands,1660,1580
    179400 Hamilton Central,530,420
    179500 Hamilton Lake,1840,1930
    179600 Peachgrove,1920,1870
    179700 Hamilton East Village,1790,1780
    179800 Hamilton West,890,970
    179900 Greensboro,2500,2230
    180000 Hamilton East Cook,1140,1090
    180100 Melville North,1580,1650
    180200 Hamilton East,1980,2190
    180300 Melville South,1350,1370
    180400 Deanwell,1100,1180
    180500 Bader,1390,1450
    180600 Hillcrest West (Hamilton city),1550,1410
    180700 Hillcrest East (Hamilton city),1830,1640
    180800 Silverdale (Hamilton city),1100,1250
    180900 Glenview,1260,1310
    181000 Resthill,1280,1400
    181100 Fitzroy,1540,1770
    181200 Riverlea,1380,1490
    181300 Peacockes,190,210
    181400 Te Pahu,820,780
    181500 Ngahinapouri,950,920
    181600 Lake Cameron,870,830
    181700 Lake Ngaroto,700,610
    181800 Kaipaki,890,910
    181900 Pirongia,670,660
    182000 Hautapu Rural,380,370
    182100 Pokuru,840,800
    182200 Te Rahu,690,630
    182300 Fencourt,390,410
    182400 Hautapu,290,300
    182500 Karapiro,1340,1330
    182600 Cambridge North,1320,1440
    182700 Cambridge West,1220,1410
    182800 Cambridge East,1430,1560
    182900 Cambridge Park-River Garden,770,800
    183000 Oaklands-St Kilda,890,1010
    183100 Pukerimu,540,530
    183200 Cambridge Central,440,480
    183300 Te Awamutu North,630,630
    183400 Te Awamutu West,720,740
    183500 Leamington West,750,860
    183600 Goodfellow Park,860,1040
    183700 Leamington South,920,930
    183800 Leamington Central,1280,1340
    183900 Leamington East,1000,1140
    184000 Te Awamutu Stadium,890,1010
    184100 Te Awamutu Central,210,220
    184200 Pekerau,1410,1470
    184300 Fraser Street,720,800
    184400 Sherwin Park,1050,1150
    184500 St Leger,250,270
    184600 Rotoorangi,950,930
    184700 Tokanui,250,230
    184800 Kihikihi Central,1370,1410
    184900 Maungatautari,470,460
    185000 Rotongata,500,450
    185100 Inlets Otorohanga district,0,0
    185200 Pirongia Forest,540,490
    185300 Honikiwi,900,830
    185400 Te Kawa,670,620
    185500 Otorohanga,1630,1670
    185600 Maihiihi,1000,900
    185700 Puniu,910,660
    185800 Tirau,1300,1280
    185900 Putaruru Rural,1330,1320
    186000 Putaruru,2210,2400
    186100 Kinleith,860,740
    186200 Paraonui,960,1000
    186300 Parkdale,470,430
    186400 Matarawa,1070,1210
    186500 Stanley Park,1200,1230
    186600 Strathmore (South Waikato district),1270,1270
    186700 Tokoroa Central,560,560
    186800 Moananui,1660,1610
    186900 Inlet Waitomo district,0,0
    187000 Herangi,560,510
    187100 Hangatiki,710,620
    187200 Aria,680,620
    187300 Te Kuiti West,1300,1330
    187400 Te Kuiti East,1040,1010
    187500 Waipa Valley,660,610
    187700 Marotiri,1340,1260
    187800 Ohakuri,1060,1020
    187900 Lake Taupo Bays,920,850
    188000 Mapara,1150,1180
    188100 Inland water Lake Taupo,0,0
    188200 Wairakei-Broadlands,710,630
    188300 Acacia Bay,920,910
    188400 Brentwood (Taupo district),1070,1130
    188500 Nukuhau-Rangatira Park,1410,1390
    188600 Taupo Central West,220,200
    188700 Tauhara,980,960
    188800 Taupo Central East,1240,1350
    188900 Mountview,1380,1460
    189000 Bird Area,1150,1230
    189100 Hilltop (Taupo district),1370,1430
    189200 Waipahihi,1190,1160
    189300 Richmond Heights,1250,1270
    189400 Wharewaka,640,780
    189500 Kaimanawa,250,0
    189600 Waitahanui,420,440
    189700 Turangi,1860,1960
    197800 Arahiwi,80,70
    201600 Ngakuru,960,940
    201800 Golden Springs,1010,860
    258500 Oceanic Waikato region East,0,0
    258600 Inlets Waikato region,0,0
    258700 Oceanic Waikato region West,0,0
  Bay of Plenty region,171500,176100
    189800 Rangataiki,80,70
    190100 Waiau,190,180
    190200 Waihi Beach-Bowentown,1400,1360
    190300 Tahawai,1100,930
    190400 Athenree,450,450
    190500 Aongatete,1890,1780
    190600 Katikati,2750,2780
    190700 Inlet Tauranga Harbour North,0,0
    190800 Matakana Island,120,120
    190900 Pahoia,1900,1700
    191000 Omokoroa,1930,2060
    191100 Omokoroa Rural,730,780
    191200 Te Puna,1340,1200
    191300 Minden,1320,1290
    191400 Kaimai,1250,1130
    191501 Kopurererua,440,410
    191502 Pyes Pa South West,140,130
    191600 Kaitemako (Western Bay of Plenty district),1040,1000
    191700 Waiorohi,1540,1430
    191800 Otawa,1170,1030
    191900 Te Puke West,2250,2090
    192000 Rangiuru,1680,1500
    192100 Te Puke East,3000,2900
    192200 Inlets Maketu,0,0
    192300 Maketu,730,730
    192400 Pukehina Beach,510,430
    192500 Pongakawa,1990,1700
    192600 Matua North,1470,1560
    192700 Inlet Tauranga Harbour South,0,0
    192800 Mount Maunganui North,1770,1960
    192900 Matua South,1280,1320
    193000 Bethlehem North,1620,1910
    193100 Bellevue,2080,2140
    193200 Otumoetai North,2210,2420
    193300 Otumoetai South,2010,2110
    193400 Brookfield West,1570,1700
    193500 Bethlehem Central,2180,2350
    193600 Brookfield East,1550,1580
    193700 Mount Maunganui South,1650,1590
    193800 Tauranga Central,1360,1490
    193900 Mount Maunganui Central,240,160
    194000 Judea,1430,1600
    194100 Te Reti,970,1050
    194200 Bethlehem South,600,580
    194300 Omanu Beach,1570,1720
    194400 Tauranga Hospital,1100,1170
    194500 Tauriko,190,190
    194600 Gate Pa,2320,2290
    194700 Greerton South,360,380
    194800 Tauranga South,2520,2660
    194900 Arataki North,1610,1780
    195000 Matapihi,420,420
    195100 Pyes Pa West,3060,3500
    195200 Greerton North,1790,2000
    195300 Yatton Park,1530,1430
    195400 Pyes Pa North,2480,2710
    195500 Arataki South,1630,1770
    195600 Pyes Pa South,840,830
    195700 Poike,460,480
    195800 Te Maunga North,1520,1920
    195900 Maungatapu,1530,1580
    196000 Hairini,1760,1790
    196100 Pyes Pa East,380,370
    196200 Te Maunga South,2410,2750
    196300 Kaitemako (Tauranga city),830,820
    196400 Ohauiti,1840,1920
    196500 Baypark-Kairua,430,440
    196600 Welcome Bay West,1530,1560
    196700 Welcome Bay East,1360,1440
    196800 Pacific View,1610,1700
    196900 Welcome Bay South,2010,2080
    197000 Palm Beach North,1780,1760
    197100 Palm Beach South-Gravatt,1940,2040
    197200 Papamoa Beach North,1560,1550
    197300 Doncaster,1700,1840
    197400 Papamoa Beach South,1510,1580
    197500 Motiti,1810,1880
    197600 Wairakei,3170,3640
    197700 Tui Ridge,920,880
    197900 Ngongotaha Valley,860,870
    198000 Hamurana,550,560
    198100 Ngongotaha East,990,990
    198200 Ngongotaha West,840,880
    198300 Inland water Lake Rotorua,0,0
    198400 Ngongotaha South,730,750
    198500 Selwyn Heights,590,610
    198600 Pleasant Heights,1060,1130
    198700 Rotoiti-Rotoehu,1070,1040
    198800 Kawaha,990,1000
    198900 Fairy Springs,970,980
    199000 Western Heights (Rotorua district),1300,1280
    199100 Pukehangi North,1430,1440
    199200 Pukehangi South,1250,1390
    199300 Mangakakahi Central,80,70
    199400 Koutu,1120,1100
    199500 Mangakakahi West,1170,1110
    199600 Sunnybrook,1060,1150
    199700 Fordlands,1310,1410
    199800 Kuirau,620,610
    199900 Utuhina,790,780
    200000 Pomare,930,940
    200100 Rotorua Central,290,290
    200200 Hillcrest (Rotorua district),1030,1030
    200300 Victoria,1130,1200
    200400 Waiohewa,560,540
    200500 Glenholme North,1380,1510
    200600 Springfield South,1010,1050
    200700 Springfield North,870,910
    200800 Glenholme South,1010,1080
    200900 Owhata West,1630,1700
    201000 Holdens Bay-Rotokawa,670,650
    201100 Ngapuna,220,180
    201200 Fenton Park,900,1000
    201300 Tihiotonga-Whakarewarewa,440,440
    201400 Owhata East,1610,1570
    201500 Lynmore,1710,1730
    201700 Kaingaroa-Whakarewarewa,1030,920
    201900 Manawahe,580,570
    202000 Matata-Otakiri,890,920
    202100 Onepu Spring,670,670
    202200 Edgecumbe,910,890
    202300 Thornton-Awakeri,1260,1250
    202400 Te Teko Lakes,940,970
    202500 Coastlands,1050,1090
    202600 Whakatane West,1690,1860
    202700 Whakatane Central,1630,1790
    202800 Trident,1650,1840
    202900 Allandale,1270,1440
    203000 Mokorua Bush,680,730
    203100 Wainui,810,810
    203200 Ohope,1600,1690
    203300 Inlet Ohiwa Harbour West,0,0
    203400 Galatea,790,770
    203500 Waingarara-Waimana,1300,1330
    203600 Murupara,1010,990
    203700 Monika Reserve,1750,1720
    203800 Kawerau Industrial,30,10
    203900 Tarawera Park,2190,2060
    204000 Inlet Ohiwa Harbour East,0,0
    204100 Waiotahi,880,870
    204200 Cape Runaway,890,870
    204300 Woodlands,530,570
    204400 Opotiki,2060,2180
    204500 Otara-Tirohanga,670,650
    204600 Oponae,170,180
    258800 Oceanic Bay of Plenty region,0,0
    258900 Islands Bay of Plenty region,10,10
  Gisborne region,26000,26100
    204700 East Cape,800,720
    204800 Waipaoa,1150,1010
    204900 Ruatoria-Raukumara,730,660
    205000 Tokomaru,560,510
    205100 Hangaroa,890,810
    205200 Wharekaka,1060,1020
    205300 Te Arai,640,590
    205400 Hexton,1680,1520
    205500 Lytton,600,760
    205600 Makaraka-Awapuni,570,490
    205700 Riverdale,640,750
    205800 Te Hapara North,1050,1110
    205900 Mangapapa North,810,740
    206000 Elgin,1440,1370
    206100 Te Hapara South,1180,1290
    206200 Mangapapa East,630,700
    206300 Mangapapa South,1040,1060
    206400 Te Hapara East,1050,1090
    206500 Centennial Crescent,850,870
    206600 Whataupoko East,960,970
    206700 Whataupoko West,1060,1180
    206800 Gisborne Central,170,150
    206900 Kaiti North,1080,1180
    207000 Kaiti South,1690,1710
    207100 Outer Kaiti,1420,1470
    207200 Tamarau,1270,1380
    207300 Wainui-Okitu,970,960
    259200 Oceanic Gisborne region,0,0
  Hawke's Bay region,90800,91900
    189900 Taharua,40,40
    207400 Maungataniwha-Raupunga,680,630
    207500 Inland water Lake Waikaremoana,0,0
    207600 Frasertown-Ruakituri,480,440
    207700 Whakaki,390,350
    207800 Wairoa,2440,2520
    207900 Mahia,640,620
    208000 Puketitiri-Tutira,1080,1000
    208100 Sherenden-Crownthorpe,760,720
    208200 Maraekakaho,820,730
    208300 Puketapu-Eskdale,1580,1540
    208400 Omahu-Pakowhai,880,760
    208500 Bridge Pa,810,510
    208600 Twyford,490,440
    208700 Poukawa,800,710
    208800 Flaxmere West,1620,1470
    208900 Omahu Strip,100,90
    209000 Lochain Park,1710,1650
    209100 Flaxmere Park,1500,1390
    209200 Flaxmere South,1540,1580
    209300 Irongate,220,180
    209400 Frimley,1790,1790
    209500 Camberley,1230,1230
    209600 Clive,1270,1200
    209700 St Leonards,1470,1460
    209800 Mahora,1370,1380
    209900 Raureka,1790,1730
    210000 Cornwall Park,1610,1670
    210100 Tomoana,170,170
    210200 Longlands-Pukahu,1080,1010
    210300 Raceway Park,1060,1080
    210400 Karamu,760,700
    210500 Hastings Central,300,240
    210600 Tomoana Crossing,1370,1360
    210700 Akina Park,1270,1310
    210800 Queens Square,1090,1100
    210900 Mayfair,1600,1620
    211000 Parkhaven,1580,1650
    211100 Parkvale,1120,1210
    211200 Mangateretere,670,590
    211300 Haumoana-Te Awanga,1150,1000
    211400 Lucknow,830,810
    211500 Karanema-St Hill,860,1100
    211600 Havelock North-Central,210,270
    211700 Brookvale,1290,1350
    211800 Iona,1310,1400
    211900 Hereworth,1460,1560
    212000 Te Mata Hills,530,530
    212100 Havelock Hills,790,830
    212200 Kahuranaki,830,790
    212300 Bay View,1220,1200
    212400 Poraiti Hills,420,390
    212500 Poraiti Flat,680,750
    212600 Westshore,610,660
    212700 Inlet Napier city,0,0
    212800 Onekawa West,190,120
    212900 Ahuriri,510,620
    213000 Taradale West,930,1020
    213100 Greenmeadows West,890,1070
    213200 Taradale South,1290,1410
    213300 Bluff Hill,1390,1400
    213400 Hospital Hill,1510,1590
    213500 Tamatea West,1010,1060
    213600 Tamatea North,890,940
    213700 Taradale Central,1120,1400
    213800 Tamatea East,900,950
    213900 Marewa West,870,960
    214000 Greenmeadows Central,670,840
    214100 Onekawa Central,760,870
    214200 Pirimai West,900,890
    214300 Napier Central,270,230
    214400 Greenmeadows South,1040,1130
    214500 Nelson Park,1090,1200
    214600 Bledisloe Park,1140,1340
    214700 Pirimai East,1220,1210
    214800 Onekawa East,850,920
    214900 Tareha Reserve,1620,1790
    215000 Marewa East,1740,1920
    215100 Onekawa South,1720,1740
    215200 McLean Park,1300,1370
    215300 Maraenui,1960,1930
    215400 Meeanee-Awatoto,1650,1570
    215500 Mangaonuku,570,540
    215600 Makaretu,1490,1290
    215700 Waipawa,1170,1230
    215800 Waipukurau West,1340,1380
    215900 Mangarara,1430,1380
    216000 Waipukurau East,960,1050
    216100 Taurekaitai,1110,1010
    226200 Ngamatea,10,10
    259400 Oceanic Hawke's Bay region,0,0
    259500 Inlet Port Napier,0,0
    259800 Bare Island,0,0
  Taranaki region,63500,63800
    216200 Port Taranaki,40,10
    216300 Spotswood,1990,1940
    216400 Omata,540,500
    216500 Oakura,850,870
    216600 Moturoa,940,1040
    216700 Kaitake,1130,1130
    216800 Blagdon-Lynmouth,1320,1390
    216900 Kawaroa,1200,1340
    217000 New Plymouth Central,620,610
    217100 Marfell,960,970
    217200 Whalers Gate,1180,1310
    217300 Strandon,1250,1370
    217400 Westown,2320,2390
    217500 Bell Block West,2280,2380
    217600 Bell Block East,1630,1710
    217700 Waiwhakaiho-Bell Block South,80,70
    217800 Lower Vogeltown,1440,1600
    217900 Hurdon,1190,1250
    218000 Frankleigh Park,1600,1650
    218100 Merrilands,1460,1620
    218200 Ferndale,400,430
    218300 Welbourn,1750,1690
    218400 Fitzroy-Glen Avon,1850,1930
    218500 Waitara West,2030,2190
    218600 Upper Vogeltown,1430,1530
    218700 Highlands Park (New Plymouth district),1620,1710
    218800 Paraite,410,430
    218900 Waitara East,1510,1580
    219000 Lepperton-Brixton,1000,940
    219100 Mangorei,1160,1050
    219200 Mount Messenger,470,460
    219300 Mangaoraka,1050,960
    219400 Tikorangi,1110,1030
    219500 Everett Park,1230,1150
    219600 Inglewood,1850,1980
    219700 Tarata,330,290
    219800 Pembroke,870,830
    219900 Douglas,380,340
    220000 Toko,770,700
    220100 Stratford North,990,1060
    220300 Stratford Central,1040,1150
    220400 Stratford South,940,950
    220500 Cape Egmont,1260,1060
    220600 Taungatara,770,680
    220700 Opunake,730,700
    220800 Kaponga-Mangatoki,760,640
    220900 Manaia-Kapuni,830,770
    221000 Eltham,1060,1010
    221100 Okaiawa,670,630
    221200 Te Roti-Moeroa,450,390
    221300 Egmont Showgrounds,970,980
    221400 Normanby-Tawhiti,1050,870
    221500 Ohangai,330,290
    221600 Turuturu,1020,980
    221700 King Edward Park,790,780
    221800 Ramanui,1100,1080
    221900 Hawera Central,1330,1380
    222000 Mangawhio,430,340
    222100 Manutahi-Waitotora,1140,1030
    222200 Patea,640,640
    259000 Oceanic Taranaki region,0,0
    259100 Inlet Port Taranaki,0,0
  Manawatu-Whanganui region,126400,131800
    187600 Tiroa,30,20
    190000 Te More,0,0
    220200 Whangamomona,70,60
    222300 Otangiwai-Ohura,550,490
    222400 Ngapuke,650,650
    222500 Taumarunui North,860,840
    222600 Taumarunui Central,720,810
    222700 Taumarunui East,810,810
    222800 National Park,580,560
    222900 Tangiwai,710,640
    223000 Raetihi,560,520
    223100 Ohakune,780,710
    223200 Waiouru,400,370
    223300 Upper Whanganui,620,600
    223400 Mowhanau,730,680
    223500 Brunswick-Papaiti,780,760
    223600 Castlecliff West,900,940
    223700 Otamatea (Whanganui district),850,900
    223800 Castlecliff East,1060,1010
    223900 Springvale North,170,190
    224000 Lower Aramoho,1010,1090
    224100 St Johns Hill East,460,640
    224200 St Johns Hill West,1090,1220
    224300 Titoki,1590,1670
    224400 Springvale West,800,890
    224500 Springvale East,760,890
    224600 Upper Aramoho,1070,1200
    224700 Balgownie,70,60
    224800 Laird Park,1090,1200
    224900 Wembley Park,900,940
    225000 College Estate,650,730
    225100 Whanganui East-Williams Domain,1060,1300
    225200 Gonville West,890,960
    225300 Gonville North,1320,1420
    225400 Cornmarket,640,810
    225500 Whanganui East-Riverlands,1060,1250
    225600 Kaitoke-Fordell,1020,930
    225700 Whanganui Central,340,370
    225800 Gonville South,1050,1070
    225900 Bastia-Durie Hill,1120,1160
    226000 Putiki,350,360
    226100 Mokai Patea,980,860
    226300 Turakina,690,680
    226400 Otairi,710,630
    226500 Taihape,900,900
    226600 Marton Rural,560,520
    226700 Marton North,1510,1680
    226800 Parewanui,460,450
    226900 Marton South,1220,1160
    227000 Bulls,1100,1100
    227100 Kiwitea,870,850
    227200 Tokorangi,1190,1190
    227300 Ohakea-Sanson,880,720
    227400 Oroua Downs,730,690
    227500 Awahuri,1120,1120
    227600 Pohangina-Apiti,680,680
    227700 Mount Taylor,310,350
    227800 Taikorea,680,720
    227900 Makino,1660,1710
    228000 Sandon,1110,1250
    228100 Kimbolton North,1820,1940
    228200 Warwick,690,860
    228300 Kimbolton West,1290,1430
    228400 Feilding Central,550,540
    228500 Kimbolton South,1120,1170
    228600 Kauwhata,1080,1050
    228700 Taonui,920,910
    228800 Newbury,1000,1000
    228900 Palmerston North Airport,180,160
    229000 Milson North,1160,1310
    229100 Cloverlea (Palmerston North city),920,1020
    229200 Tremaine,410,280
    229300 Milson South,1530,1610
    229400 Whakarongo,920,860
    229500 Westbrook,1560,1640
    229600 Takaro North,1700,1740
    229700 Pioneer West,130,150
    229800 Palmerston North Hospital,1310,1390
    229900 Highbury East,1530,1580
    230000 Park West,880,1100
    230100 Takaro South,1250,1260
    230200 Roslyn (Palmerston North city),1280,1280
    230300 Kelvin Grove West,1220,1370
    230400 Kelvin Grove North,1190,1190
    230500 Papaioea North,1260,1460
    230600 Palmerston North Central,640,590
    230700 Awapuni North,1740,1970
    230800 Terrace End,1790,1900
    230900 Maraetarata,740,790
    231000 Papaioea South,980,1090
    231100 Royal Oak (Palmerston North city),1260,1290
    231200 West End,1500,1600
    231300 Awapuni South,1670,1820
    231400 Milverton,1000,1100
    231500 Ruamahanga,1390,1460
    231600 Esplanade,1040,1250
    231700 Hokowhitu Central,1160,1270
    231800 Hokowhitu East,1570,1680
    231900 Turitea,180,300
    232000 Ruahine,770,860
    232100 Linton Camp,1300,590
    232200 Ashhurst,1560,1680
    232300 Hokowhitu South,1000,1060
    232400 Aokautere,410,410
    232500 Pihauatua,660,630
    232600 Aokautere Rural,380,410
    232700 Poutoa,1860,2150
    232800 Norsewood,890,870
    232900 Papatawa,730,680
    233000 Mangatainoka,1000,940
    233100 Woodville,820,820
    233200 Dannevirke West,1060,1180
    233300 Dannevirke East,1600,1810
    233400 Waitahora,340,330
    233500 Kaitawa,350,330
    233600 Pahiatua,1310,1500
    233700 Nireaha-Eketahuna,860,800
    233800 Owhanga,400,380
    234000 Kere Kere,510,510
    234100 Foxton Beach,1080,1100
    234200 Foxton North,700,740
    234300 Foxton South,930,990
    234400 Waitarere,1240,1210
    234500 Waikawa (Horowhenua district),440,410
    234600 Miranui,990,1000
    234700 Donnelly Park,640,670
    234800 Ohau-Manakau,1460,1440
    234900 Kawiu South,1210,1400
    235000 Makomako,730,810
    235100 Kawiu North,940,940
    235200 Levin Central,540,620
    235300 Tararua,700,700
    235400 Shannon,760,830
    235500 Queenwood (Horowhenua district),1030,1140
    235600 Playford Park,930,1030
    235700 Fairfield (Horowhenua district),710,840
    235800 Taitoko,910,990
    235900 Waiopehu,750,820
    236000 Makahika,540,520
    236100 Kimberley,270,250
    259300 Oceanic Manawatu-Whanganui region West,0,0
    259900 Oceanic Manawatu-Whanganui region East,0,0
  Wellington region,265200,278200
    233900 Mara,0,0
    236200 Kapiti Island,0,0
    236300 Otaki Beach,1000,1100
    236400 Forest Lakes (Kapiti Coast district),330,370
    236500 Otaki,1830,2080
    236600 Te Horo,760,770
    236700 Waitohu,540,610
    236800 Waikanae Beach,1730,1780
    236900 Peka Peka,340,350
    237000 Paraparaumu Beach North,2140,2210
    237100 Paraparaumu Beach West,1190,1310
    237200 Waikanae Park,1050,1270
    237300 Paraparaumu Beach East,1250,1500
    237400 Otaihanga,440,450
    237500 Paraparaumu North,1730,1990
    237600 Waikanae West,2100,2590
    237700 Otaki Forks,430,430
    237800 Paraparaumu Central,2000,2290
    237900 Maungakotukutuku,710,720
    238000 Raumati Beach West,1450,1580
    238100 Waikanae East,1180,1320
    238200 Tararua Forest Park,0,0
    238300 Raumati Beach East,1120,1310
    238400 Paraparaumu East,1150,1230
    238500 Raumati South,1990,2040
    238600 Paekakariki,870,960
    238700 Mana Island,0,0
    238800 Pukerua Bay,1080,1040
    238900 Paekakariki Hill,200,180
    239000 Plimmerton,1090,1090
    239100 Titahi Bay North,1420,1440
    239200 Titahi Bay South,1980,2040
    239300 Elsdon-Takapuwahia,1270,1270
    239400 Pauatahanui,540,490
    239500 Onepoto,1010,990
    239600 Camborne,1020,1060
    239700 Inlet Porirua Harbour,0,0
    239800 Paremata,1240,1340
    239900 Porirua Central,460,380
    240000 Papakowhai,1140,1190
    240100 Aotea,1900,2040
    240200 Postgate,1500,1450
    240300 Ascot Park,1470,1530
    240400 Whitby,1540,1600
    240500 Porirua East,1200,1220
    240600 Endeavour,2800,2840
    240700 Cannons Creek North,1880,1850
    240800 Waitangirua,2280,2360
    240900 Ranui Heights,700,700
    241000 Cannons Creek East,2060,2030
    241100 Cannons Creek South,870,850
    241200 Akatarawa,370,340
    241300 Riverstone Terraces,970,950
    241400 Heretaunga,1250,1290
    241500 Birchville-Brown Owl,1890,1950
    241600 Poets Block,1330,1320
    241700 Brentwood (Upper Hutt city),1280,1270
    241800 Silverstream (Upper Hutt city),1820,1780
    241900 Elderslea,1720,1740
    242000 Trentham North,1640,1740
    242100 Totara Park,1510,1460
    242200 Trentham South,1740,1140
    242300 Mangaroa,1130,1060
    242400 Ebdentown,1320,1300
    242500 Wallaceville,1290,1310
    242600 Maoribank,1810,1750
    242700 Te Marua,540,500
    242800 Pinehaven,1060,1020
    242900 Clouston Park,1230,1190
    243000 Upper Hutt Central,360,350
    243100 Belmont Park,170,170
    243200 Maungaraki,2100,2090
    243300 Korokoro,800,790
    243400 Kelson,1480,1530
    243500 Normandale,1090,1070
    243600 Belmont (Lower Hutt city),1460,1480
    243700 Petone Central,580,530
    243800 Tirohanga,660,670
    243900 Manor Park,240,220
    244000 Alicetown-Melling,1520,1450
    244100 Taita North,1660,1690
    244200 Boulcott,1310,1440
    244300 Hutt Central North,530,540
    244400 Avalon West,1250,1510
    244500 Stokes Valley Central,1170,1110
    244600 Taita South,1610,1680
    244700 Petone East,2150,2090
    244800 Hutt Central South,1550,1660
    244900 Stokes Valley North,1730,1820
    245000 Petone Esplanade,1430,1420
    245100 Epuni West,1690,1810
    245200 Avalon East,1260,1360
    245300 Woburn,880,940
    245400 Naenae Central,1930,1920
    245500 Waterloo West,1220,1260
    245600 Epuni East,1570,1590
    245700 Gracefield,190,130
    245800 Moera,900,910
    245900 Delaney,1360,1380
    246000 Waiwhetu,2350,2470
    246100 Waterloo East,1570,1680
    246200 Naenae North,1350,1450
    246300 Manuka,920,960
    246400 Naenae South,1490,1450
    246500 Towai,0,0
    246600 Arakura,1530,1600
    246700 Eastern Bays,1040,1100
    246800 Pencarrow,330,360
    246900 Wainuiomata West,1890,1990
    247000 Glendale,2190,2200
    247100 Wainuiomata Central,950,1010
    247200 Eastbourne,1420,1390
    247300 Homedale East,1600,1630
    247400 Homedale West,1390,1430
    247500 Makara-Ohariu,540,540
    247600 Tawa North,1600,1680
    247700 Linden,1670,1710
    247800 Tawa South,1680,1750
    247900 Tawa Central,1290,1410
    248000 Grenada North,1170,1210
    248100 Churton Park North,2150,2220
    248200 Takapu-Horokiwi,150,130
    248300 Churton Park South,1690,1770
    248400 Johnsonville West,1730,1700
    248500 Grenada Village,920,930
    248600 Johnsonville North,1670,1700
    248700 Paparangi,1470,1490
    248800 Ngaio North,1220,1320
    248900 Johnsonville Central,1500,1550
    249000 Broadmeadows,830,840
    249100 Crofton Downs,810,880
    249200 Johnsonville South,830,980
    249300 Khandallah Reserve,950,1080
    249400 Karori Park,2310,2410
    249500 Newlands North,1920,2020
    249600 Ngaio South,1480,1570
    249700 Newlands South,2110,2110
    249800 Woodridge,920,940
    249900 Karori North,1260,1310
    250000 Khandallah North,1300,1430
    250100 Wilton,1050,1140
    250200 Khandallah South,970,1040
    250300 Wadestown,1840,1950
    250400 Karori South,2270,2330
    250500 Onslow,900,960
    250600 Karori East,1700,1750
    250700 Pipitea-Kaiwharawhara,520,560
    250800 Northland (Wellington city),1800,1880
    250900 Thorndon,2040,2330
    251000 Wellington Botanic Gardens,510,720
    251100 Kelburn,1080,1180
    251200 Aro Valley,2010,2110
    251300 Wellington University,750,880
    251400 Wellington Central,1520,1920
    251500 Brooklyn North,1080,1210
    251600 Dixon Street,2780,3220
    251700 Vivian West,1880,2370
    251800 Courtenay,1090,1070
    251900 Brooklyn East,1310,1400
    252000 Mount Cook West,2010,2620
    252100 Vivian East,1360,1430
    252200 Brooklyn South,890,930
    252300 Oriental Bay,670,770
    252400 Mount Cook East,1390,1590
    252500 Mount Victoria,2250,2570
    252600 Roseneath,890,930
    252700 Owhiro Bay,1020,1040
    252800 Kingston-Mornington-Vogeltown,1580,1640
    252900 Newtown North,920,1110
    253000 Newtown West,1650,2080
    253100 Hataitai North,2010,2110
    253200 Evans Bay,580,590
    253300 Berhampore,1770,2080
    253400 Hataitai South,710,760
    253500 Maupuia,790,810
    253600 Newtown South,1890,2140
    253700 Kilbirnie Central,1330,1440
    253800 Island Bay West,1620,1780
    253900 Melrose,660,690
    254000 Island Bay East,1790,1880
    254100 Miramar North,640,720
    254200 Kilbirnie East,1010,1120
    254300 Lyall Bay,1240,1440
    254400 Miramar Central,960,1030
    254500 Southgate,560,610
    254600 Karaka Bay-Worser Bay,770,800
    254700 Houghton Bay,830,870
    254800 Miramar East,1500,1500
    254900 Miramar South,1700,1780
    255000 Rongotai,30,20
    255100 Strathmore (Wellington city),1910,1940
    255200 Seatoun,1220,1160
    255300 Kopuaranga,550,520
    255400 Upper Plain,700,640
    255500 Opaki,640,640
    255600 Ngaumutawa,790,930
    255700 Solway North,1250,1350
    255800 Lansdowne West,910,1040
    255900 Masterton Central,360,380
    256000 Kuripuni,840,930
    256100 Douglas Park,1030,1160
    256200 Solway South,2110,2210
    256300 Lansdowne East,1390,1460
    256400 Cameron and Soldiers Park,1190,1250
    256500 Whareama,870,770
    256600 Homebush-Te Ore Ore,590,630
    256700 McJorrow Park,910,920
    256800 Mount Holdsworth,1040,1000
    256900 Carterton North,1330,1420
    257000 Kokotau,680,630
    257100 Carterton South,1560,1630
    257200 Gladstone (Carterton district),490,490
    257300 Tauherenikau,740,750
    257400 Kahutara,590,530
    257500 Featherston,1360,1380
    257600 Inland water Lake Wairarapa,0,0
    257700 Greytown,1340,1410
    257800 Aorangi Forest,860,780
    257900 Martinborough,970,1030
    259600 Oceanic Wellington region,0,0
    259700 Inlet Wellington Harbour,0,0
  Tasman region,29600,29100
    300200 Oceanic Tasman region,0,0
    300300 Golden Bay/Mohua,1430,1350
    300400 Inlets Golden Bay,0,0
    300500 Takaka,700,700
    300600 Pohara-Abel Tasman,750,820
    300700 Takaka Hills,700,620
    300800 Kaiteriteri-Riwaka,1020,970
    300900 Upper Moutere,1080,990
    301000 Lower Moutere,970,920
    301100 Motueka North,1270,1300
    301200 Motueka West,1400,1300
    301300 Motueka East,1490,1570
    301400 Inlets Motueka,0,0
    301500 Golden Downs,1080,950
    301600 Moutere Hills,1960,1950
    301701 Mapua,680,670
    301702 Ruby Bay,770,760
    301800 Murchison-Nelson Lakes,760,690
    301900 Inlet Waimea West,0,0
    302000 Islands Tasman district,60,50
    302100 Waimea West,620,600
    302200 Appleby,440,380
    302300 Wakefield,1350,1330
    302400 Richmond West (Tasman district),1130,1230
    302500 Wakefield Rural,730,660
    302600 Brightwater,1200,1140
    302700 Hope,510,480
    302800 Richmond Central (Tasman district),970,990
    302900 Ben Cooper Park,1240,1270
    303000 Richmond South (Tasman district),470,460
    303100 Wilkes Park,1180,1220
    303200 Templemore,980,1010
    303300 Easby Park,1470,1490
    303400 Fairose,880,960
    303500 Aniseed Valley,280,260
  Nelson region,26800,27600
    303600 Nelson Rural,1070,990
    303700 Inlets Nelson city,40,30
    303800 Marybank,520,560
    303900 Port Nelson,30,10
    304000 Nelson Airport,60,40
    304100 Tahunanui,1450,1430
    304200 Britannia,910,960
    304300 Atawhai,1430,1480
    304400 Broadgreen-Monaco,1170,1290
    304500 Washington,1550,1530
    304600 Tahuna Hills,1580,1520
    304700 Nelson Central-Trafalgar,460,370
    304800 The Wood,1420,1620
    304900 Toi Toi,940,880
    305000 Nayland,1110,1110
    305100 Aldinga,1480,1640
    305200 Victory,850,840
    305300 Rutherford,1290,1380
    305400 Maitlands,1090,1180
    305500 Maitai,690,730
    305600 Grampians,1330,1300
    305700 Saxton,30,30
    305800 Suffolk,1230,1380
    305900 Omaio,1860,1970
    306000 Enner Glynn,1540,1480
    306100 Daelyn,710,820
    306200 The Brook,1010,1050
    363500 Oceanic Nelson region,0,0
  Marlborough region,26800,25000
    306300 Marlborough Sounds West,1140,1060
    306400 Marlborough Sounds Coastal Marine,10,10
    306500 Marlborough Sounds East,1050,960
    306600 Upper Wairau,1150,1040
    306700 Waikawa (Marlborough district),820,790
    306800 Waitohi (Marlborough district),1660,1520
    306900 Tuamarina,700,660
    307000 Awatere,970,820
    307100 Renwick,1370,1250
    307200 Lower Wairau,680,600
    307300 Woodbourne,1520,1330
    307400 Spring Creek-Grovetown,680,530
    307500 Springlands,1640,1730
    307600 Yelverton,1290,1380
    307700 Mayfield,950,880
    307800 Whitney West,1510,1400
    307900 Blenheim Central,710,600
    308000 Riversdale-Islington,1380,1200
    308100 Whitney East,1330,1310
    308200 Redwoodtown West,1310,1400
    308300 Witherlea West,1560,1440
    308400 Redwoodtown East,1570,1390
    308500 Riverlands,300,250
    308600 Witherlea East,1540,1480
    308700 Inlet Wairau River,0,0
    363600 Oceanic Marlborough region,0,0
  West Coast region,16900,15900
    309000 Karamea,430,380
    309100 Inlets Buller district,0,0
    309200 Westport North,950,890
    309300 Westport Rural,660,640
    309400 Westport South,1260,1180
    309500 Buller Coalfields,490,430
    309600 Charleston (Buller district),280,280
    309700 Inangahua,480,430
    309800 Reefton,500,430
    309900 Barrytown,550,480
    310000 Runanga,650,580
    310100 Cobden,830,790
    310200 Blaketown,460,420
    310300 Greymouth Central,430,480
    310400 King Park,550,560
    310500 Marsden,650,650
    310600 Karoro,550,520
    310700 Rutherglen-Camerons,750,680
    310800 Greymouth Rural,410,360
    310900 Dobson,490,390
    311000 Nelson Creek,410,350
    311100 Lake Brunner,620,590
    311200 Haast,130,140
    311300 Westland Glaciers-Bruce Bay,570,530
    311400 Arahura-Kumara,690,610
    311500 Hokitika,1390,1470
    311600 Inlets Westland district,0,0
    311700 Hokitika Rural,750,730
    311800 Waitaha,240,200
    311900 Whataroa-Harihari,360,330
    312000 Hokitika Valley-Otira,340,320
    363400 Oceanic West Coast region,0,0
  Canterbury region,327600,327400
    308800 Kaikoura Ranges,1000,830
    308900 Kaikoura,1200,1130
    312100 Hanmer Range,160,130
    312200 Amuri,1320,1150
    312300 Hanmer Springs,570,550
    312400 Upper Hurunui,790,750
    312500 Parnassus,680,670
    312600 Ashley Forest,390,370
    312700 Omihi,720,580
    312800 Balcairn,1270,1210
    312900 Amberley,1140,1190
    313000 Okuku,400,410
    313100 Ashley Gorge,630,660
    313200 Oxford,1190,1250
    313300 Starvation Hill-Cust,1250,1250
    313400 Loburn,1200,1220
    313500 Eyrewell,1030,1040
    313600 West Eyreton,830,760
    313700 Ashley-Sefton,1230,1170
    313800 Fernside,710,790
    313900 Rangiora North West,1190,1390
    314000 Kingsbury,1320,1530
    314100 Ashgrove,810,840
    314200 Rangiora North East,910,1020
    314300 Oxford Estate,690,730
    314400 Rangiora Central,20,20
    314500 Rangiora South West,1200,1280
    314600 Lilybrook,1460,1630
    314700 Waikuku,1160,1170
    314800 Mandeville-Ohoka,1890,1830
    314900 Rangiora South East,1360,1440
    315000 Southbrook,420,420
    315100 Swannanoa-Eyreton,510,540
    315200 Tuahiwi,510,500
    315300 Woodend,1600,1610
    315400 Pegasus,1870,1950
    315500 Clarkville,780,760
    315600 Pegasus Bay,640,560
    315700 Kaiapoi North West,1050,1170
    315800 Silverstream (Waimakariri district),590,670
    315900 Sovereign Palms,1980,2050
    316000 Kaiapoi West,670,630
    316100 Kaiapoi Central,1110,1200
    316200 Kaiapoi South,990,1010
    316300 Kaiapoi East,150,130
    316400 McLeans Island,100,90
    316500 Paparua,770,240
    316600 Yaldhurst,950,950
    316700 Christchurch Airport,100,80
    316800 Clearwater,390,350
    316900 Belfast West,960,980
    317000 Harewood,710,690
    317100 Brooklands-Spencerville,380,370
    317200 Styx,560,520
    317300 Belfast East,1260,1300
    317400 Northwood,1750,1850
    317500 Russley,460,550
    317600 Regents Park,810,880
    317700 Hawthornden,1350,1390
    317800 Bishopdale North,2080,2230
    317900 Casebrook,2070,2140
    318000 Bishopdale West,1470,1450
    318100 Templeton,880,890
    318200 Islington,520,490
    318300 Burnside Park,1670,1670
    318400 Marshland,470,440
    318500 Avonhead North,750,720
    318600 Redwood North,1330,1450
    318700 Broomfield,1360,1450
    318800 Redwood West,1070,1130
    318900 Avonhead West,880,950
    319000 Bishopdale South,1130,1150
    319100 Islington-Hornby Industrial,190,150
    319200 Burnside,1840,1800
    319300 Hei Hei,1840,1730
    319400 Papanui North,900,1100
    319500 Avonhead East,1500,1460
    319600 Redwood East,1610,1660
    319700 Avonhead South,1690,1640
    319800 Riccarton Racecourse,740,790
    319900 Bryndwr North,1760,1660
    320000 Northlands (Christchurch city),40,70
    320100 Papanui West,1500,1610
    320200 Ilam North,2000,1920
    320300 Hornby West,1310,1250
    320400 Hornby Central,70,70
    320500 Northcote (Christchurch city),1350,1390
    320600 Jellie Park,1540,1510
    320700 Ilam South,1820,1530
    320800 Bryndwr South,1380,1530
    320900 Papanui East,1050,1270
    321000 Sockburn North,2100,2020
    321100 Hornby South,2310,2280
    321200 Ilam University,1580,1060
    321300 Prestons,2080,2220
    321400 Strowan,1750,1800
    321500 Fendalton,970,1010
    321600 Waitikiri,1390,1410
    321700 Mairehau North,1430,1640
    321800 Bush Inn,1780,1490
    321900 Awatea North,1390,1250
    322000 Upper Riccarton,1060,800
    322100 Malvern,1280,1320
    322200 Rutland,1430,1440
    322300 Sockburn South,230,190
    322400 Deans Bush,1310,1260
    322500 Wigram North,430,470
    322600 Holmwood,1070,1110
    322700 Wharenui,1610,1240
    322800 Wigram West,800,820
    322900 Awatea South,1030,1170
    323000 Merivale,1290,1730
    323100 Mairehau South,1900,1890
    323200 Mona Vale,730,730
    323300 Riccarton West,2060,1650
    323400 Shirley West,2090,2160
    323500 Middleton,150,70
    323600 Wigram South,720,720
    323700 Queenspark,1810,1740
    323800 St Albans North,1030,1150
    323900 St Albans West,1260,1390
    324000 Travis Wetlands,1210,1220
    324100 Wigram East,440,450
    324200 Riccarton Central,30,30
    324300 Oaklands West,1370,1390
    324400 Riccarton South,2040,1850
    324500 Halswell West,2200,2270
    324600 Shirley East,1280,1360
    324700 Broken Run,300,330
    324800 St Albans East,1590,1710
    324900 Hagley Park,20,10
    325000 Hillmorton,1390,1510
    325100 Parklands,1970,2050
    325200 Riccarton East,660,620
    325300 Edgeware,2210,2270
    325400 Aidanfield,1950,2170
    325500 Tower Junction,70,130
    325600 Burwood,1670,1730
    325700 Christchurch Central-West,590,580
    325800 Christchurch Central-North,1390,1450
    325900 Richmond North (Christchurch city),1180,1190
    326000 Waimairi Beach,630,670
    326100 Addington West,1440,1170
    326200 Otakaro-Avon River Corridor,50,60
    326300 Oaklands East,1730,1740
    326400 Addington North,10,10
    326500 Dallington,1170,1200
    326600 Christchurch Central,70,50
    326700 Hoon Hay West,1650,1590
    326800 Richmond South (Christchurch city),1070,1100
    326900 Spreydon West,1520,1630
    327000 Christchurch Central-East,1400,1380
    327100 Christchurch Central-South,410,400
    327200 North Beach,2050,2070
    327300 Halswell North,1130,1240
    327400 Addington East,1520,1560
    327500 Avondale (Christchurch city),1150,1220
    327600 Spreydon North,1930,2020
    327700 Hoon Hay East,1690,1620
    327800 Avonside,830,810
    327900 Linwood West,2670,2620
    328000 Halswell South,1360,1420
    328100 Sydenham Central,240,170
    328200 Spreydon South,1140,1270
    328300 Rawhiti,1380,1440
    328400 Wainoni,1430,1380
    328500 Linwood North,1420,1380
    328600 Aranui,2210,2160
    328700 Sydenham West,630,680
    328800 Lancaster Park,160,110
    328900 Phillipstown,2210,2080
    329000 Kennedys Bush,600,630
    329100 Somerfield East,1830,1970
    329200 Somerfield West,1410,1620
    329300 Linwood East,1120,1070
    329400 Sydenham North,1110,1080
    329500 Hoon Hay South,1060,1110
    329600 Charleston (Christchurch city),770,740
    329700 Sydenham South,1320,1470
    329800 Bexley,1370,1300
    329900 Waltham,1010,1020
    330000 Westmorland,1220,1220
    330100 Woolston North,1720,1740
    330200 New Brighton,1670,1660
    330300 Cashmere West,1580,1590
    330400 Bromley South,1490,1430
    330500 Ensors,1190,1170
    330600 Beckenham,1140,1270
    330700 Bromley North,40,20
    330800 St Martins,1280,1470
    330900 Opawa,650,690
    331000 Woolston West,620,630
    331100 Woolston East,1620,1630
    331200 Huntsbury,1210,1190
    331300 Cashmere East,1760,1790
    331400 Hillsborough (Christchurch city),1250,1240
    331500 Woolston South,270,230
    331600 Port Hills,30,40
    331700 South New Brighton,1600,1660
    331800 Brookhaven-Ferrymead,560,540
    331900 Heathcote Valley,1100,1200
    332000 Mount Pleasant,1880,1970
    332100 Redcliffs,1020,1070
    332200 Governors Bay,450,490
    332300 Inlets other Christchurch city,0,0
    332400 Clifton Hill,880,920
    332500 Lyttelton,1560,1590
    332600 Inlet Port Lyttelton,0,0
    332700 Sumner,1790,1780
    332800 Teddington,120,130
    332900 Diamond Harbour,800,800
    333000 Inland water Lake Ellesmere/Te Waihora South,0,0
    333100 Banks Peninsula South,610,620
    333200 Eastern Bays-Banks Peninsula,300,330
    333300 Akaroa Harbour,370,370
    333400 Inlet Akaroa Harbour,0,0
    333500 Akaroa,390,390
    333600 Craigieburn,110,90
    333700 Torlesse,690,630
    333800 Glenroy-Hororata,730,620
    333900 Glentunnel,670,670
    334000 Darfield,1540,1570
    334100 Kirwee,760,740
    334200 Bankside,1020,890
    334300 Charing Cross,500,510
    334400 Halkett,920,880
    334500 Newtons Road,1940,1880
    334600 West Melton,1300,1340
    334700 Burnham Camp,1080,430
    334800 Rolleston Izone,20,20
    334900 Rolleston North West,2360,2350
    335000 Springston,1240,1240
    335100 Rolleston Central,1870,1890
    335200 Rolleston North East,2770,2810
    335300 Rolleston South West,2100,2050
    335400 Southbridge,1410,1340
    335500 Rolleston South East,4610,5150
    335600 Trents,1080,1020
    335700 Prebbleton,2630,2640
    335800 Irwell,750,660
    335900 Ladbrooks,1010,1020
    336000 Lincoln West,1870,1860
    336100 Lincoln East,2570,2880
    336200 Leeston,1250,1240
    336300 Tai Tapu,710,670
    336400 Motukarara,340,340
    336500 Inland water Lake Ellesmere/Te Waihora North,0,0
    336600 Ashburton Lakes,50,60
    336700 Cairnbrae,890,740
    336800 Ashburton Forks,1330,1170
    336900 Methven,1000,970
    337000 Ealing-Lowcliffe,920,830
    337100 Eiffelton,1430,1270
    337200 Chertsey,940,850
    337300 Winchmore-Wakanui,910,780
    337400 Allenton North,1310,1350
    337500 Allenton South,1180,1090
    337600 Rakaia,780,790
    337700 Ashburton North,550,550
    337800 Allenton East,1070,1130
    337900 Tinwald North,680,680
    338000 Ashburton Central,80,80
    338100 Ashburton West,450,560
    338200 Tinwald South,1250,1180
    338300 Ashburton East,890,1000
    338400 Netherby,1240,1170
    338500 Hampstead,1620,1510
    338600 Ben McLeod,90,60
    338700 Arundel,770,720
    338800 Levels Valley,600,500
    338900 Geraldine,1330,1490
    339000 Rangitata,930,850
    339100 Waitohi (Timaru district),1000,860
    339200 Pleasant Point,770,720
    339300 Temuka West,1110,1150
    339400 Hadlow,760,750
    339500 Levels,700,600
    339600 Temuka East,1220,1190
    339700 Gleniti North,800,790
    339800 Washdyke,610,540
    339900 Fairview,880,850
    340000 Gleniti South,1170,1320
    340100 Glenwood,940,910
    340200 Marchwiel West,790,810
    340300 Marchwiel East,1050,1010
    340400 Highfield North,1050,1250
    340500 Highfield South,650,650
    340600 Waimataitai-Maori Hill,1030,1070
    340700 Fraser Park,1430,1410
    340800 Seaview,1120,1130
    340900 Inlet Port Timaru,0,0
    341000 Watlington,1190,1130
    341100 Timaru Central,240,210
    341200 Timaru East,170,150
    341300 Parkside,1220,1220
    341400 Kensington (Timaru district),780,770
    341500 Mackenzie Lakes,720,710
    341600 Inland water Lake Pukaki,0,0
    341700 Inland water Lake Tekapo,0,0
    341800 Twizel,880,780
    341900 Opua (Mackenzie district),750,680
    342000 Fairlie,480,450
    342100 Hakataramea,460,460
    342200 Maungati,410,390
    342300 Lyalldale,390,340
    342400 Makikihi-Willowbridge,580,500
    342500 Waimate North,270,280
    342600 Morven-Glenavy-Ikawai,650,550
    342700 Waimate West,680,710
    342800 Waimate East,790,880
    343100 Aviemore,500,450
    343200 Inland water Lake Ohau,0,0
    343300 Danseys Pass,540,520
    363800 Oceanic Canterbury region,0,0
    364000 Motunau Island,0,0
  Otago region,122000,124000
    343400 Ngapara,1020,960
    343500 Lower Waitaki,780,760
    343600 Waihemo,780,680
    343700 Maheno,1110,1040
    343800 Weston,620,570
    343900 Oamaru North Milner Park,1310,1270
    344000 Oamaru North Orana Park,1510,1550
    344100 Oamaru Gardens,650,620
    344200 Glen Warren,880,910
    344300 Holmes Hill,680,720
    344400 Oamaru Central,150,150
    344500 South Hill,1160,1140
    344600 Inlet Port Oamaru,0,0
    344700 Palmerston,520,520
    344800 Lindis-Nevis Valleys,1690,1500
    344900 Cromwell West,2140,1760
    345000 Cromwell East,1620,1490
    345100 Manuherikia-Ida Valleys,730,580
    345200 Earnscleugh,440,400
    345300 Dunstan-Galloway,1090,1000
    345400 Clyde,660,600
    345500 Alexandra North,1640,1500
    345600 Alexandra South,1520,1430
    345700 Maniototo,950,850
    345800 Teviot Valley,1010,900
    345900 Outer Wanaka,220,200
    346000 Glenorchy,280,260
    346100 Inland water Lake Wanaka,0,0
    346200 Outer Wakatipu,580,560
    346300 Inland water Lake Hawea,0,0
    346400 Cardrona,410,360
    346500 Inland water Lake Wakatipu,0,0
    346600 Wanaka Waterfront,1250,1280
    346700 Wanaka North,1940,1840
    346800 Wanaka West,1020,1000
    346900 Albert Town,1200,1140
    347000 Wanaka Central,740,740
    347100 Lake Hawea,970,890
    347200 Upper Clutha Valley,830,770
    347300 Kingston,210,230
    347400 Arthurs Point,650,710
    347500 Wakatipu Basin,780,780
    347600 Queenstown Hill,0,0
    347700 Warren Park,870,830
    347800 Sunshine Bay-Fernhill,1740,1500
    347900 Arrowtown,1490,1460
    348000 Quail Rise,430,410
    348100 Queenstown Central,580,510
    348200 Queenstown East,780,710
    348300 Frankton Arm,1210,1160
    348400 Frankton,2000,1780
    348500 Lake Hayes,200,200
    348600 Kelvin Heights,620,650
    348700 Shotover Country,1890,2000
    348800 Lake Hayes Estate,1230,1240
    348900 Jacks Point,1080,1070
    349000 Strath Taieri,350,320
    349100 Bucklands Crossing,800,780
    349200 Waikouaiti,580,660
    349300 Momona,1260,1190
    349400 Taieri,790,810
    349500 Inlets other Dunedin city,0,0
    349600 Mount Cargill,1130,1070
    349700 Bush Road,1160,1190
    349800 Mosgiel East,1340,1680
    349900 Mosgiel Central,1160,1470
    350000 Seddon Park,1440,1730
    350100 Wingatui,480,510
    350200 Saddle Hill-Chain Hills,650,640
    350300 East Taieri,1180,1180
    350400 Halfway Bush,920,1000
    350500 Helensburgh,580,630
    350600 Glenleith,690,650
    350700 Fairfield (Dunedin city),1300,1290
    350800 Inlet Otago Harbour,0,0
    350900 Brockville,1200,1250
    351000 Wakari,1990,2210
    351100 Abbotsford,1470,1470
    351200 Brighton,780,750
    351300 Pine Hill-Dalmore,1170,1210
    351400 Kaikorai-Bradford,580,600
    351500 Maori Hill,1220,1270
    351600 Roslyn (Dunedin city),1380,1590
    351700 North East Valley Chingford,850,840
    351800 Roseneath-Sawyers Bay,750,780
    351900 Normanby,660,670
    352000 North East Valley Knox,1260,1340
    352100 Belleknowes,1120,1110
    352200 Gardens (Dunedin city),1600,2240
    352300 Kenmure,960,1030
    352400 Campus West,670,1130
    352500 Waldronville,680,690
    352600 Green Island,1170,1220
    352700 Port Chalmers,690,740
    352800 Royal Terrace,790,940
    352900 Arthur Street,750,770
    353000 Opoho,610,680
    353100 Campus North,1000,1690
    353200 Campus South,880,1290
    353300 Mornington,1420,1460
    353400 Dunedin Central,1140,1040
    353500 Maryhill,1190,1200
    353600 Ravensbourne-St Leonards,950,1000
    353700 Harbourside,30,20
    353800 Fernhill,950,770
    353900 Otago Peninsula,460,430
    354000 Concord,770,750
    354100 Calton Hill,760,770
    354200 Caversham,1000,1120
    354300 Hillside-Portsmouth Drive,60,50
    354400 Kew (Dunedin city),810,970
    354500 Corstorphine,960,1010
    354600 Forbury,630,690
    354700 Bathgate Park,1080,1270
    354800 St Clair,1150,1270
    354900 Waverley,1320,1420
    355000 Macandrew Bay-Company Bay,790,820
    355100 Broad Bay-Portobello,610,620
    355200 St Kilda South,1400,1550
    355300 Musselburgh,720,800
    355400 Shiel Hill,870,930
    355500 St Kilda North,1170,1340
    355600 Andersons Bay,1170,1260
    355700 Tainui,970,1070
    355800 West Otago,1270,1140
    355900 Tuapeka,630,570
    356000 Clinton,710,630
    356100 Clutha Valley,910,780
    356200 Bruce,1380,1090
    356300 Catlins,740,650
    356400 Milton,1130,1070
    356500 Balclutha South,1320,1300
    356600 Balclutha North,810,880
    356700 Benhar-Stirling,270,220
    356800 Kaitangata-Matau,600,540
    356900 Inlet Catlins,0,0
    363900 Oceanic Otago region,0,0
  Southland region,51300,51100
    357000 Fiordland,40,50
    357100 Inlets Fiordland,10,10
    357200 Inland water Lake Te Anau,0,0
    357300 Mararoa,440,390
    357400 Inland water Lake Manapouri,0,0
    357500 Te Anau,1510,1460
    357600 Whitestone,370,330
    357700 Mossburn,730,610
    357800 Inland water Lake Hauroko,0,0
    357900 Longwood Forest,1140,920
    358000 Ohai-Nightcaps,820,710
    358100 Riversdale-Piano Flat,790,650
    358200 Lumsden-Balfour,780,680
    358300 Oreti River,1130,1000
    358400 Otautau,1520,1350
    358500 Hedgehope,610,590
    358600 Winton,1200,1250
    358700 Waianiwa,640,580
    358800 Riverton,840,820
    358900 Wallacetown,660,580
    359000 Grove Bush,630,600
    359100 Edendale-Woodlands,1310,1110
    359200 Inlets other Southland district,0,0
    359300 Stewart Island,220,210
    359400 Awarua Plains,570,520
    359500 Wyndham-Catlins,1190,1070
    359600 Waikaka,890,750
    359700 Waimumu-Kaiwera,730,670
    359800 Gore North,850,930
    359900 Gore West,1380,1450
    360000 East Gore,790,760
    360100 Gore Central,90,110
    360200 Gore Main,510,680
    360300 Gore South,330,330
    360400 Mataura,850,870
    360500 West Plains-Makarewa,910,820
    360600 Prestonville-Grasmere,1860,2010
    360700 Donovan Park,1140,1370
    360800 Myross Bush,620,620
    360900 Otatara,1680,1660
    361000 Invercargill Central,850,610
    361100 Gladstone (Invercargill city),1200,1280
    361200 Rosedale,900,1020
    361300 Avenal,670,680
    361400 Hargest,1060,1130
    361500 Windsor,1430,1800
    361600 Richmond (Invercargill city),1690,1930
    361700 Glengarry,1260,1390
    361800 Inlet New River Estuary,0,0
    361900 Turnbull Thompson Park,880,960
    362000 Crinan,1040,930
    362100 Georgetown,1080,1110
    362200 Kew (Invercargill city),1040,1040
    362300 Kennington-Tisbury,820,780
    362400 Newfield,1350,1440
    362500 Strathern,1090,1230
    362600 Elizabeth Park,630,660
    362700 Aurora,690,720
    362800 Moulson,640,680
    362900 Kingswell,1150,1190
    363000 Clifton,800,810
    363100 Woodend-Greenhills,340,310
    363200 Inlet Bluff Harbour,0,0
    363300 Bluff,940,890
    363700 Oceanic Southland region,0,0
  Area outside region,430,370
    258000 Oceanic Three Kings Islands,0,0
    258100 Three Kings Islands,0,0
    342900 Oceanic Chatham Islands,0,0
    343000 Chatham Islands,430,370
    400001 New Zealand Economic Zone,0,0
    400002 Oceanic Kermadec Islands,0,0
    400003 Kermadec Islands,0,0
    400004 Oceanic Oil Rig Taranaki,0,0
    400005 Oceanic Campbell Island,0,0
    400006 Campbell Island,0,0
    400007 Oceanic Oil Rig Southland,0,0
    400008 Oceanic Auckland Islands,0,0
    400009 Auckland Islands,0,0
    400010 Oceanic Bounty Islands,0,0
    400011 Bounty Islands,0,0
    400012 Oceanic Snares Islands,0,0
    400013 Snares Islands,0,0
    400014 Oceanic Antipodes Islands,0,0
    400015 Antipodes Islands,0,0
    400016 Ross Dependency,0,0
  Total North Island regions,1941200,1980800
  Total South Island regions,601200,600100
